Date,Time,Day of Week,Category,Details,Location,Press Pool,Daily Summary,Factba.se URL,,
2/24/2026,9:00:00,Tuesday,President Schedule,The President participates in Executive Time,The White House,Closed Press,,,Array,
2/24/2026,11:36:00,Tuesday,Pool Report Schedule,White House Press Office: Lunch lid until 12:35 PM,The White House,Out-of-Town Travel Pool,,,,
2/24/2026,12:30:00,Tuesday,President Schedule,The President participates in the Annual State of the Union Luncheon,Blue Room,Closed Press,,,,
2/24/2026,21:00:00,Tuesday,President Schedule,The President delivers the State of the Union Address,U.S. Capitol,In-Town Travel Pool,,,,
2/23/2026,10:00:00,Monday,President Schedule,The President participates in Angel Families Remembrance Ceremony,East Room,Pre-Credentialed Media,,https://rollcall.com/factbase/trump/transcript/donald-trump-remarks-angel-families-remembrance-ceremony-february-23-2026/,,
2/23/2026,11:00:00,Monday,President Schedule,The President participates in a Policy Meeting,Oval Office,Closed Press,,,,
2/23/2026,11:46:00,Monday,Pool Report Schedule,White House Press Office: Lunch lid until 12:45 PM,The White House,Out-of-Town Travel Pool,,,,
2/23/2026,13:00:00,Monday,President Schedule,The President participates in Executive Time,Oval Office,Closed Press,,,,
2/23/2026,18:00:00,Monday,Pool Report Schedule,White House Press Office: Full lid called,The White House,,,,,
2/22/2026,8:00:00,Sunday,President Schedule,The President participates in Executive Time,The White House,Closed Press,,,Array,
2/22/2026,11:38:00,Sunday,Pool Report Schedule,White House Press Office: Full lid called,The White House,,,,,
2/22/2026,11:45:00,Sunday,Pool Report Schedule,The President calls to congratulate the US Men's Olympic Hockey team [Time is approximate],The White House,,,,,
2/21/2026,8:00:00,Saturday,President Schedule,The President participates in Executive Time,The White House,Closed Press,,,Array,
2/21/2026,12:00:01,Saturday,President Schedule,The President participates in a Policy Meeting,Oval Office,Closed Press,,,,
2/21/2026,12:30:00,Saturday,President Schedule,The President participates in a Policy Meeting,Oval Office,Closed Press,,,,
2/21/2026,13:00:00,Saturday,President Schedule,The President participates in a Policy Meeting,Oval Office,Closed Press,,,,
2/21/2026,18:45:00,Saturday,President Schedule,The President and First Lady participate in a Governors Dinner,East Room,In-Town Pool,,https://rollcall.com/factbase/trump/transcript/donald-trump-remarks-governors-dinner-white-house-february-21-2026/,,
2/21/2026,20:56:00,Saturday,Pool Report Schedule,The President and First Lady watch a performance by violinist Rusanda Panfili at a governors' dinner,East Room,In-Town Pool,,https://rollcall.com/factbase/trump/transcript/donald-trump-remarks-post-violin-performance-dinner-february-21-2026/,,
2/21/2026,21:24:00,Saturday,Pool Report Schedule,White House Press office: Full lid called,The White House,In-Town Pool,,,,
2/20/2026,9:30:00,Friday,President Schedule,The President participates in a Working Breakfast with Governors,State Dining Room,White House Press Pool,,https://rollcall.com/factbase/trump/transcript/donald-trump-remarks-governors-meeting-white-house-february-20-2026/,,
2/20/2026,10:30:00,Friday,President Schedule,The President participates in a Private Meeting,Oval Office,Closed Press,,,,
2/20/2026,12:45:00,Friday,Pool Report Schedule,The President holds a press briefing on the Supreme Court decision,The White House,Closed Press,,https://rollcall.com/factbase/trump/transcript/donald-trump-press-conference-supreme-court-tariffs-february-20-2026/,,
2/20/2026,15:15:00,Friday,Pool Report Schedule,White House Press Office: Lunch lid until 4:00 PM,The White House,Out-of-Town Travel Pool,,,,
2/20/2026,18:04:00,Friday,Pool Report Schedule,White House Press Office: Full lid called,The White House,,,,,
2/19/2026,,Thursday,President Schedule,"TBD: The President departs Washington, D.C. en route Rome, Georgia",The White House,Out-of-Town Travel Pool,,,Array,
2/19/2026,,Thursday,President Schedule,"TBD: The President departs departs Rome, Georgia en route The White House","Richard B. Russell Airport, Rome, GA",Out-of-Town Travel Pool,,,,
2/19/2026,8:56:00,Thursday,Pool Report Schedule,The President departs the White House for the US Institute of Peace,The White House,,,,,
2/19/2026,8:59:00,Thursday,Pool Report Schedule,The President arrives a the US Institute of Peace,United States Institute of Peace,,,,,
2/19/2026,9:00:00,Thursday,President Schedule,The President participates in the Board of Peace Event [Actual: 9:34 AM],United States Institute of Peace,Out-of-Town Travel Pool,,https://rollcall.com/factbase/trump/transcript/doanld-trump-speech-board-of-peace-february-19-2026/,,
2/19/2026,12:35:00,Thursday,Pool Report Schedule,The President departs the US Institute of Peace for Joint Base Andrews,United States Institute of Peace,,,,,
2/19/2026,12:52:00,Thursday,Pool Report Schedule,The President arrives at Joint Base Andrews,Joint Base Andrews,,,,,
2/19/2026,13:10:00,Thursday,Pool Report Schedule,"The President departs Joint Base Andrews for Richard B. Russell Airport in Rome, Georgia",Joint Base Andrews,,,https://rollcall.com/factbase/trump/transcript/donald-trump-press-gaggle-air-force-one-february-19-2026/,,
2/19/2026,13:50:00,Thursday,President Schedule,"The President visits a Local Business [Note: The Varsity, in Rome, Georgia; Actual: 3:20 PM]","The Varsity, Rome, GA",Out-of-Town Travel Pool,,https://rollcall.com/factbase/trump/transcript/donald-trump-remarks-local-business-visit-rome-georgia-february-19-2026/,,
2/19/2026,14:30:00,Thursday,President Schedule,The President participates in a Podcast Interview [Actual: Approximately 3:45 PM],"The Varsity, Rome, GA",Closed Press,,https://rollcall.com/factbase/trump/transcript/donald-trump-interview-josh-pate-podcast-rome-georgia-february-19-2026/,,
2/19/2026,14:37:00,Thursday,Pool Report Schedule,"The President arrives at Richard B. Russell Airport in Rome, Georgia","Richard B. Russell Airport, Rome, GA",,,,,
2/19/2026,14:58:00,Thursday,Pool Report Schedule,"The President departs Richard B. Russell Airport in  Rome, Georgia to visit a local business","Richard B. Russell Airport, Rome, GA",,,,,
2/19/2026,15:17:00,Thursday,Pool Report Schedule,"The President arrives at The Varsity, in Rome, Georgia","The Varsity, Rome, GA",,,,,
2/19/2026,15:30:00,Thursday,President Schedule,The President participates in a Local Factory Tour [Actual: 4:16 PM],"Coosa Steel Corporation, Rome, GA",Out-of-Town Travel Pool,,https://rollcall.com/factbase/trump/transcript/donald-trump-remarks-tour-coosa-steel-rome-georgia-february-19-2026/,,
2/19/2026,15:59:00,Thursday,Pool Report Schedule,"The President departs The Varsity for Coosa Steel in Rome, Georgia","The Varsity, Rome, GA",,,,,
2/19/2026,16:00:00,Thursday,President Schedule,The President delivers Remarks on the Economy [Actual: 4:28 PM],"Coosa Steel Corporation, Rome, GA",Pre-Credentialed Media,,https://rollcall.com/factbase/trump/transcript/donald-trump-speech-economic-development-rome-georgia-february-19-2026/,,
2/19/2026,16:10:00,Thursday,Pool Report Schedule,"The President arrives at Coosa Steel in Rome, Georgia","Coosa Steel Corporation, Rome, GA",,,,,
2/19/2026,17:50:00,Thursday,Pool Report Schedule,"The President departs Coosa Steel in Rome, Georgia for Richard B. Russell Airport","Coosa Steel Corporation, Rome, GA",,,,,
2/19/2026,18:09:00,Thursday,Pool Report Schedule,"The President arrives at Richard B. Russell Airport in Rome, Georgia","Richard B. Russell Airport, Rome, GA",,,,,
2/19/2026,18:26:00,Thursday,Pool Report Schedule,"The President departs Rome, Georgia for Joint Base Andrews","Richard B. Russell Airport, Rome, GA",,,,,
2/19/2026,19:36:00,Thursday,Pool Report Schedule,The President arrives at Joint Base Andrews,Joint Base Andrews,,,,,
2/19/2026,19:56:00,Thursday,Pool Report Schedule,The President departs Joint Base Andrews for the White House,Joint Base Andrews,,,,,
2/19/2026,20:15:00,Thursday,Pool Report Schedule,The President arrives at the White House,The White House,,,,,
2/19/2026,20:17:00,Thursday,Pool Report Schedule,White House Press Office: Full lid called,The White House,,,,,
2/18/2026,11:06:00,Wednesday,Pool Report Schedule,White House Press Office: Lunch lid until 12:00 PM,The White House,Out-of-Town Travel Pool,,,,
2/18/2026,13:00:00,Wednesday,Briefing Schedule,Press Briefing by the White House Press Secretary Karoline Leavitt,James S. Brady Press Briefing Room,On Camera,,https://rollcall.com/factbase/trump/transcript/donald-trump-press-briefing-karoline-leavitt-the-white-house-february-18-2026/,,
2/18/2026,15:00:00,Wednesday,President Schedule,The President participates in a Black History Month Reception,East Room,Pre-Credentialed Media,,https://rollcall.com/factbase/trump/transcript/donald-trump-remarks-black-history-month-reception-february-18-2026/,,
2/18/2026,16:00:00,Wednesday,President Schedule,The President participates in Signing Time,Oval Office,Closed Press,,,,
2/18/2026,16:30:00,Wednesday,President Schedule,The President participates in a Policy Meeting,Oval Office,Closed Press,,,,
2/18/2026,18:01:00,Wednesday,Pool Report Schedule,White House Press Office: Full lid called,The White House,,,,,
2/17/2026,14:00:00,Tuesday,President Schedule,The President participates in Ambassador Credentialing,Oval Office,Closed Press,,,,
2/17/2026,16:00:00,Tuesday,President Schedule,The President participates in a Policy Meeting,Oval Office,Closed Press,,,,
2/17/2026,17:00:00,Tuesday,President Schedule,The President participates in a Policy Meeting,Oval Office,Closed Press,,,,
2/17/2026,18:00:00,Tuesday,Pool Report Schedule,White House Press Office: Full lid called,The White House,,,,,
2/16/2026,,Monday,President Schedule,"The President and the First Lady depart Palm Beach, Florida, en route Washington, D.C.","Fort Bragg, NC",Out-of-Town Travel Pool,,,Array,
2/16/2026,10:54:00,Monday,Pool Report Schedule,The President conducts a brief phone interview with Steven Nelson of the New York Post,Mar-a-Lago,,,https://rollcall.com/factbase/trump/transcript/donald-trump-interview-no-transcript-new-york-post-february-16-2026/,,
2/16/2026,18:15:00,Monday,Pool Report Schedule,The President departs Mar-a-Lago for Palm Beach International Airport,Mar-a-Lago,,,,,
2/16/2026,18:23:00,Monday,Pool Report Schedule,The President arrives at Palm Beach International Airport,Palm Beach International Airport,,,,,
2/16/2026,18:36:00,Monday,Pool Report Schedule,The President departs Palm Beach International Airport for Joint Base Andrews,Palm Beach International Airport,,,https://rollcall.com/factbase/trump/transcript/donald-trump-press-gaggle-air-force-one-february-16-2026/,,
2/16/2026,20:24:00,Monday,Pool Report Schedule,The President arrives at Joint Base Andrews,Joint Base Andrews,,,,,
2/16/2026,20:44:00,Monday,Pool Report Schedule,The President departs Joint Base Andrews for the White House,Joint Base Andrews,,,,,
2/16/2026,20:53:00,Monday,Pool Report Schedule,The President arrives at the White House,South Lawn,,,,,
2/16/2026,21:03:00,Monday,Pool Report Schedule,White House Press Office: Full lid called,The White House,,,,,
2/15/2026,9:06:00,Sunday,Pool Report Schedule,The President departs Mar-a-Lago for his golf club,Mar-a-Lago,,,,,
2/15/2026,9:13:00,Sunday,Pool Report Schedule,"The President arrives at Trump International Golf Club West Palm Beach for golf with Ron DeSantis, Urban Meyer and Nick Saban",Trump International Golf Club West Palm Beach,,,,,
2/15/2026,15:54:00,Sunday,Pool Report Schedule,The President departs Trump International Golf Club West Palm Beach for Mar-a-Lago,Trump International Golf Club West Palm Beach,,,,,
2/15/2026,16:00:00,Sunday,President Schedule,The President participates in Private Meetings,Mar-a-Lago,Out-of-Town Travel Pool,,,,
2/15/2026,16:01:00,Sunday,Pool Report Schedule,The President arrives at Mar-a-Lago,Mar-a-Lago,,,,,
2/15/2026,19:01:00,Sunday,Pool Report Schedule,The President departs Mar-a-Lago for his golf club and dinner,Mar-a-Lago,,,,,
2/15/2026,19:10:00,Sunday,Pool Report Schedule,The President arrives at Trump International Golf Club West Palm Beach,Trump International Golf Club West Palm Beach,,,,,
2/15/2026,20:59:00,Sunday,Pool Report Schedule,The President departs Trump International Golf Club West Palm Beach for Mar-a-Lago,Trump International Golf Club West Palm Beach,,,,,
2/15/2026,21:08:00,Sunday,Pool Report Schedule,The President arrives at Mar-a-Lago,Mar-a-Lago,,,,,
2/15/2026,21:10:00,Sunday,Pool Report Schedule,White House Press Office: Full lid called,Mar-a-Lago,,,,,
2/14/2026,9:07:00,Saturday,Pool Report Schedule,The President departs Mar-a-Lago for his golf club,Mar-a-Lago,,,,,
2/14/2026,9:17:00,Saturday,Pool Report Schedule,The President arrives at Trump International Golf Club West Palm Beach,Trump International Golf Club West Palm Beach,,,,,
2/14/2026,15:00:00,Saturday,Pool Report Schedule,The President departs Trump International Golf Club West Palm Beach for Mar-a-Lago,Trump International Golf Club West Palm Beach,,,,,
2/14/2026,15:08:00,Saturday,Pool Report Schedule,The President arrives at Mar-a-Lago,Mar-a-Lago,,,,,
2/14/2026,15:10:00,Saturday,Pool Report Schedule,White House Press Office: Full lid called,Mar-a-Lago,,,,,
2/14/2026,16:00:00,Saturday,President Schedule,The President participates in Private Meetings,Mar-a-Lago,Out-of-Town Travel Pool,,,,
2/13/2026,,Friday,President Schedule,"TBD: The President and the First Lady depart the White House en route Fayetteville, North Carolina ",The White House,Out-of-Town Travel Pool,,,Array,
2/13/2026,,Friday,President Schedule,TBD: The President and the First Lady participate in a Private Military Engagement,"Fort Bragg, NC",Out-of-Town Travel Pool,,,,
2/13/2026,,Friday,President Schedule,"TBD: The President and the First Lady depart Fayetteville, North Carolina, en route Palm Beach, Florida","Fort Bragg, NC",Out-of-Town Travel Pool,,,,
2/13/2026,12:05:00,Friday,Pool Report Schedule,The President departs the White House for Joint Base Andrews,South Lawn,,,,,
2/13/2026,12:14:00,Friday,Pool Report Schedule,The President arrives at Joint Base Andrews,Joint Base Andrews,,,,,
2/13/2026,12:28:00,Friday,Pool Report Schedule,"The President departs Joint Base Andrews for Pope Field, North Carolina",Joint Base Andrews,,,https://rollcall.com/factbase/trump/transcript/donald-trump-press-gaggle-before-marine-one-departure-february-13-2026/,,
2/13/2026,13:14:00,Friday,Pool Report Schedule,"The President arrives at Pope Field, North Carolina","Pope Field, Fort Bragg, NC",,,,,
2/13/2026,13:30:00,Friday,President Schedule,The President delivers remarks to Fort Bragg Military Families,"Pope Field, Fort Bragg, NC",Out-of-Town Travel Pool,,https://rollcall.com/factbase/trump/transcript/donald-trump-speech-military-families-fort-bragg-february-13-2026/,,
2/13/2026,14:15:00,Friday,Pool Report Schedule,The President meets privately with service members who participated in Operation Absolute Resolve,"Pope Field, Fort Bragg, NC",Out-of-Town Travel Pool,,,,
2/13/2026,16:22:00,Friday,Pool Report Schedule,"The President departs Pope Field, North Carolina for Palm Beach International Airport","Pope Field, Fort Bragg, NC",Out-of-Town Travel Pool,,https://rollcall.com/factbase/trump/transcript/donald-trump-press-gaggle-before-air-force-one-departure-february-13-2026/,,
2/13/2026,17:38:00,Friday,Pool Report Schedule,The President arrives at Palm Beach International Airport,Palm Beach International Airport,Out-of-Town Travel Pool,,,,
2/13/2026,17:52:00,Friday,Pool Report Schedule,The President departs Palm Beach International Airport for Mar-a-Lago,Palm Beach International Airport,Out-of-Town Travel Pool,,,,
2/13/2026,18:02:00,Friday,Pool Report Schedule,The President arrives at Mar-a-Lago,Mar-a-Lago,Out-of-Town Travel Pool,,,,
2/13/2026,18:05:00,Friday,Pool Report Schedule,White House Press Office: Full lid called,Mar-a-Lago,Out-of-Town Travel Pool,,,,
2/13/2026,19:45:00,Friday,President Schedule,The President participates in a Private Dinner,Mar-a-Lago,Out-of-Town Travel Pool,,,,
2/12/2026,8:43:00,Thursday,Pool Report Schedule,Brooke Rollins briefs reporters at The Sticks,The Sticks - The White House,,,https://rollcall.com/factbase/trump/transcript/donald-trump-press-briefing-brooke-rollins-the-white-house-february-12-2026/,Array,
2/12/2026,11:00:00,Thursday,President Schedule,The President receives his Intelligence Briefing,Oval Office,Closed Press,,,,
2/12/2026,11:25:00,Thursday,Pool Report Schedule,White House Press Office: Lunch lid until 12:15 PM,The White House,Out-of-Town Travel Pool,,,,
2/12/2026,13:30:00,Thursday,President Schedule,The President makes an Announcement with the Administrator of the EPA,Roosevelt Room,White House Press Pool,,https://rollcall.com/factbase/trump/transcript/donald-trump-remarks-repeal-climate-change-finding-epa-february-12-2026/,,
2/12/2026,15:00:00,Thursday,President Schedule,The President participates in a Policy Meeting,Oval Office,Closed Press,,,,
2/12/2026,17:30:00,Thursday,President Schedule,The President participates in a Policy Meeting,Oval Office,Closed Press,,,,
2/12/2026,18:08:00,Thursday,Pool Report Schedule,White House Press Office: Full lid called,The White House,,,,,
2/11/2026,9:55:00,Wednesday,Pool Report Schedule,Kevin Hassett briefs reporters at The Sticks,The Sticks - The White House,,,https://rollcall.com/factbase/trump/transcript/donald-trump-press-briefing-kevin-hassett-the-white-house-february-11-2026/,,
2/11/2026,11:00:00,Wednesday,President Schedule,The President participates in Visit with the Prime Minister of the State of Israel,Oval Office,Closed Press,,,,
2/11/2026,16:00:00,Wednesday,President Schedule,The President participates in the Champion of Coal Event,East Room,Pre-Credentialed Media,,https://rollcall.com/factbase/trump/transcript/donald-trump-remarks-coal-event-white-house-february-11-2026/,,
2/11/2026,17:30:00,Wednesday,President Schedule,The President meets with the Special Envoy to the United Kingdom,Oval Office,Closed Press,,,,
2/11/2026,18:02:00,Wednesday,Pool Report Schedule,White House Press Office: Full lid called,The White House,,,,,
2/10/2026,11:07:00,Tuesday,Pool Report Schedule,White House Press Office: Lunch lid until 12:00 PM,The White House,Out-of-Town Travel Pool,,,,
2/10/2026,13:00:00,Tuesday,Briefing Schedule,Press Briefing by the White House Press Secretary Karoline Leavitt,James S. Brady Press Briefing Room,On Camera,,https://rollcall.com/factbase/trump/transcript/donald-trump-press-briefing-karoline-leavitt-the-white-house-february-10-2026/,,
2/10/2026,16:30:00,Tuesday,President Schedule,The President participates in Signing Time,Oval Office,Closed Press,,,,
2/10/2026,17:30:00,Tuesday,President Schedule,The President participates in a Policy Meeting,Oval Office,Closed Press,,,,
2/10/2026,18:03:00,Tuesday,Pool Report Schedule,White House Press Office: Full lid called,The White House,,,,,
2/10/2026,19:00:00,Tuesday,President Schedule,The President participates in a Private Dinner,The White House,Closed Press,,,,
2/9/2026,0:12:00,Monday,Pool Report Schedule,The President departs Joint Base Andrews for the White House,Joint Base Andrews,,,,Array,
2/9/2026,0:21:00,Monday,Pool Report Schedule,The President arrives at the White House,South Lawn,,,,,
2/9/2026,0:26:00,Monday,Pool Report Schedule,"White House Press Office: Full lid called for February 8, 2026",The White House,,,,,
2/9/2026,11:53:00,Monday,Pool Report Schedule,White House Press Office: Lunch lid until 12:45 PM,The White House,Out-of-Town Travel Pool,,,,
2/9/2026,15:00:00,Monday,President Schedule,"The President participates in a TV Interview [Note: Larry Kudlow, Fox Business]",Roosevelt Room,Closed Press,,https://rollcall.com/factbase/trump/transcript/donald-trump-interview-larry-kudlow-fox-business-february-9-2023/,,
2/9/2026,17:30:00,Monday,President Schedule,The President participates in a Policy Meeting,Oval Office,Closed Press,,,,
2/9/2026,18:01:00,Monday,Pool Report Schedule,White House Press Office: Full lid called,The White House,,,,,
2/8/2026,,Sunday,President Schedule,"TBD: The President departs Palm Beach, Florida, en route The White House ",Mar-a-Lago,Out-of-Town Travel Pool,,,Array,
2/8/2026,9:28:00,Sunday,Pool Report Schedule,The President departs Mar-a-Lago for his golf club,Mar-a-Lago,,,,,
2/8/2026,9:34:00,Sunday,Pool Report Schedule,The President arrives at Trump International Golf Club West Palm Beach,Trump International Golf Club West Palm Beach,,,,Array,
2/8/2026,16:05:00,Sunday,Pool Report Schedule,The President departs Trump International Golf Club West Palm Beach for Mar-a-Lago,Trump International Golf Club West Palm Beach,,,,Array,
2/8/2026,16:11:00,Sunday,Pool Report Schedule,The President arrives at Mar-a-Lago,Mar-a-Lago,,,,,
2/8/2026,17:53:00,Sunday,Pool Report Schedule,The President departs Mar-a-Lago for his golf club,Mar-a-Lago,,,,,
2/8/2026,17:59:00,Sunday,Pool Report Schedule,The President arrives at Trump International Golf Club West Palm Beach,Trump International Golf Club West Palm Beach,,,,,
2/8/2026,18:30:00,Sunday,President Schedule,The President attends Super Bowl Watch Party,Trump International Golf Club West Palm Beach,Closed Press,,,,
2/8/2026,21:41:00,Sunday,Pool Report Schedule,The President departs Trump International Golf Club West Palm Beach for Palm Beach International Airport,Trump International Golf Club West Palm Beach,,,,,
2/8/2026,21:46:00,Sunday,Pool Report Schedule,The President arrives at Palm Beach International Airport,Palm Beach International Airport,,,,,
2/8/2026,22:01:00,Sunday,Pool Report Schedule,The President departs Palm Beach International Airport for Joint Base Andrews,Palm Beach International Airport,,,,,
2/8/2026,23:54:00,Sunday,Pool Report Schedule,The President arrives at Joint Base Andrews,Joint Base Andrews,,,,,
2/7/2026,9:21:00,Saturday,Pool Report Schedule,The President departs Mar-a-Lago for his golf club,Mar-a-Lago,,,,,
2/7/2026,9:29:00,Saturday,Pool Report Schedule,The President arrives at Trump International Golf Club West Palm Beach,Trump International Golf Club West Palm Beach,,,,Array,
2/7/2026,15:00:00,Saturday,Pool Report Schedule,The President departs Trump International Golf Club West Palm Beach for Mar-a-Lago,Trump International Golf Club West Palm Beach,,,,Array,
2/7/2026,15:10:00,Saturday,Pool Report Schedule,The President arrives at Mar-a-Lago,Mar-a-Lago,,,,,
2/7/2026,15:30:00,Saturday,President Schedule,The President meets with the President of the Republic of Honduras,Mar-a-Lago,Out-of-Town Travel Pool,,,,
2/7/2026,17:10:00,Saturday,Pool Report Schedule,White House Press Office: Full lid called,Mar-a-Lago,,,,,
2/6/2026,,Friday,President Schedule,"TBD: The President departs The White House en route Palm Beach, FL",The White House,Out-of-Town Travel Pool,,,Array,
2/6/2026,15:00:00,Friday,President Schedule,The President signs Executive Orders,Oval Office,Out-of-Town Travel Pool,,,,
2/6/2026,18:37:00,Friday,Pool Report Schedule,The President departs the White House for Joint Base Andrews,South Lawn,,,https://rollcall.com/factbase/trump/transcript/donald-trump-press-gaggle-before-marine-one-departure-february-6-2026/,,
2/6/2026,18:49:00,Friday,Pool Report Schedule,The President arrives at Joint Base Andrews,Joint Base Andrews,,,,,
2/6/2026,19:13:00,Friday,Pool Report Schedule,The President departs Joint Base Andrews for Mar-a-Lago,Joint Base Andrews,,,,,
2/6/2026,19:26:00,Friday,Pool Report Schedule,The President gaggles with reporters on board Air Force One,Joint Base Andrews,,,https://rollcall.com/factbase/trump/transcript/donald-trump-press-gaggle-air-force-one-february-6-2026/,,
2/6/2026,20:58:00,Friday,Pool Report Schedule,The President arrives at Palm Beach International Airport,Palm Beach International Airport,,,,,
2/6/2026,21:16:00,Friday,Pool Report Schedule,The President departs Palm Beach International Airport for Mar-a-Lago,Palm Beach International Airport,,,,,
2/6/2026,21:25:00,Friday,Pool Report Schedule,The President arrives at Mar-a-Lago [Note: Time is approximate],Mar-a-Lago,,,,,
2/6/2026,21:26:00,Friday,Pool Report Schedule,White House Press Office: Full lid called,Mar-a-Lago,,,,,
2/5/2026,8:20:00,Thursday,Pool Report Schedule,The President departs the White House for the National Prayer Breakfast,The White House,White House Press Pool,,,,
2/5/2026,8:26:00,Thursday,Pool Report Schedule,The President arrives at the Washington Hilton,Washington Hilton,White House Press Pool,,,,
2/5/2026,8:30:00,Thursday,President Schedule,The President attends the National Prayer Breakfast,Washington Hilton,White House Press Pool,,https://rollcall.com/factbase/trump/transcript/donald-trump-remarks-national-prayer-breakfast-february-5-2026/,,
2/5/2026,10:18:00,Thursday,Pool Report Schedule,The President departs the Washington Hilton for the White House,Washington Hilton,White House Press Pool,,,,
2/5/2026,10:22:00,Thursday,Pool Report Schedule,The President arrives at the White House,Washington Hilton,White House Press Pool,,,,
2/5/2026,11:00:00,Thursday,President Schedule,The President receives his Intelligence Briefing,Oval Office,Closed Press,,,,
2/5/2026,12:12:00,Thursday,Pool Report Schedule,White House Press Office: Lunch lid until 1:15 PM,The White House,Out-of-Town Travel Pool,,,,
2/5/2026,14:00:00,Thursday,Briefing Schedule,Press Briefing by the Press Secretary Karoline Leavitt,James S. Brady Press Briefing Room,On Camera,,https://rollcall.com/factbase/trump/transcript/donald-trump-press-conference-briefing-karoline-leavitt-february-5-2026/,,
2/5/2026,19:00:00,Thursday,President Schedule,The President makes an Announcement,South Court Auditorium,White House Press Pool,,https://rollcall.com/factbase/trump/transcript/donald-trump-remarks-announcement-launch-drug-website-february-5-2026/,,
2/5/2026,19:31:00,Thursday,Pool Report Schedule,White House Press Office: Full lid called,The White Hose,Out-of-Town Travel Pool,,,,
2/4/2026,11:00:00,Wednesday,President Schedule,"The President participates in a TV Interview [Note: with Tom Llamas of NBC; part to air 2/4, part before Super Bowl]",Oval Office,Closed Press,,https://rollcall.com/factbase/trump/transcript/donald-trump-interview-tom-llamas-nbc-news-february-4-2026/,,
2/4/2026,11:28:00,Wednesday,Pool Report Schedule,White House Press Office: Lunch lid until 12:15 PM,The White House,Out-of-Town Travel Pool,,,,
2/4/2026,13:15:00,Wednesday,President Schedule,The First Lady meets with Freed American-Israeli Hostage Keith Siegel,Blue Room,Pre-Credentialed Media,,https://rollcall.com/factbase/trump/transcript/donald-trump-remarks-melania-trump-freed-hostages-february-4-2026/,,
2/4/2026,16:00:00,Wednesday,President Schedule,The President participates in a Policy Meeting,Oval Office,Closed Press,,,,
2/4/2026,18:03:00,Wednesday,Pool Report Schedule,White House Press Office: Full lid called,Joint Base Andrews,Out-of-Town Travel Pool,,,,
2/3/2026,11:00:00,Tuesday,President Schedule,The President participates in a meeting with the President of the Republic of Colombia,Oval Office,Closed Press,,,,
2/3/2026,13:15:00,Tuesday,Pool Report Schedule,Karoline Leavitt briefs reporters at The Sticks,The Sticks - The White House,,,https://rollcall.com/factbase/trump/transcript/donald-trump-press-briefing-karoline-leavitt-the-white-house-february-3-2026/,,
2/3/2026,13:32:00,Tuesday,Pool Report Schedule,White House Press Office: Lunch lid until 2:30 PM,The White House,Out-of-Town Travel Pool,,,,
2/3/2026,14:00:00,Tuesday,President Schedule,The President participates in signing time,Oval Office,Closed Press,,,,
2/3/2026,16:30:00,Tuesday,President Schedule,The President participates in a Bill Signing,Oval Office,White House Press Pool,,https://rollcall.com/factbase/trump/transcript/donald-trump-remarks-bill-signing-oval-office-february-3-2026/,,
2/3/2026,18:00:00,Tuesday,Pool Report Schedule,White House Press Office: Full lid called,Joint Base Andrews,Out-of-Town Travel Pool,,,,
2/2/2026,11:29:00,Monday,Pool Report Schedule,White House Press Office: Lunch lid until 12:30 PM,The White House,Out-of-Town Travel Pool,,,,
2/2/2026,15:30:00,Monday,President Schedule,The President participates in Signing Time,Oval Office,Closed Press,,https://rollcall.com/factbase/trump/transcript/donald-trump-remarks-bill-signing-oval-office-february-2-2026/,,
2/2/2026,18:06:00,Monday,Pool Report Schedule,White House Press Office: Full lid called,Joint Base Andrews,Out-of-Town Travel Pool,,,,
2/2/2026,18:21:00,Monday,Pool Report Schedule,The President departs Joint Base Andrews for the White House,Joint Base Andrews,Out-of-Town Travel Pool,,https://rollcall.com/factbase/trump/transcript/donald-trump-press-gaggle-mar-a-lago-february-1-2026/,,
2/2/2026,18:33:00,Monday,Pool Report Schedule,The President arrives at the White House,Joint Base Andrews,Out-of-Town Travel Pool,,https://rollcall.com/factbase/trump/transcript/donald-trump-press-gaggle-mar-a-lago-february-1-2026/,,
2/2/2026,18:38:00,Monday,Pool Report Schedule,White House Press Office: Full lid called,Joint Base Andrews,Out-of-Town Travel Pool,,,,
2/1/2026,,Sunday,President Schedule,"TBD: The President departs Palm Beach, Florida, en route The White House",The White House,Out-of-Town Travel Pool,,,Array,
2/1/2026,12:30:00,Sunday,Pool Report Schedule,The President speaks to reporters outside the wedding of Dan Scavino and Erin Elmore,Mar-a-Lago,Out-of-Town Travel Pool,,https://rollcall.com/factbase/trump/transcript/donald-trump-press-gaggle-mar-a-lago-february-1-2026/,,
2/1/2026,12:47:00,Sunday,Pool Report Schedule,White House Press Office: Lunch lid until 3:00 PM,Mar-a-Lago,Out-of-Town Travel Pool,,,,
2/1/2026,15:45:00,Sunday,Pool Report Schedule,The President departs Mar-a-Lago for Palm Beach International Airport,Mar-a-Lago,Out-of-Town Travel Pool,,https://rollcall.com/factbase/trump/transcript/donald-trump-press-gaggle-mar-a-lago-february-1-2026/,,
2/1/2026,15:52:00,Sunday,Pool Report Schedule,The President arrives at Palm Beach International Airport,Palm Beach International Airport,Out-of-Town Travel Pool,,https://rollcall.com/factbase/trump/transcript/donald-trump-press-gaggle-mar-a-lago-february-1-2026/,,
2/1/2026,16:09:00,Sunday,Pool Report Schedule,The President departs Palm Beach International Airport for Joint Base Andrews,Palm Beach International Airport,Out-of-Town Travel Pool,,https://rollcall.com/factbase/trump/transcript/donald-trump-press-gaggle-mar-a-lago-february-1-2026/,,
2/1/2026,17:55:00,Sunday,Pool Report Schedule,The President arrives at Joint Base Andrews,Joint Base Andrews,Out-of-Town Travel Pool,,https://rollcall.com/factbase/trump/transcript/donald-trump-press-gaggle-mar-a-lago-february-1-2026/,,
1/31/2026,,Saturday,President Schedule,"TBD: The President departs The White House en route Palm Beach, Florida",The White House,Out-of-Town Travel Pool,,,Array,
1/31/2026,18:46:00,Saturday,Pool Report Schedule,The President departs the White House for the Washington Hilton,The White House,In-Town Pool,,,,
1/31/2026,18:51:00,Saturday,Pool Report Schedule,The President arrives at the Washington Hilton,The White House,In-Town Pool,,,,
1/31/2026,19:00:00,Saturday,President Schedule,The President attends the Alfalfa Club Dinner,Washington Hilton,Out-of-Town Travel Pool,,,,
1/31/2026,20:16:00,Saturday,Pool Report Schedule,The President departs the Washington Hilton for Joint Base Andrews,The White House,In-Town Pool,,,,
1/31/2026,20:41:00,Saturday,Pool Report Schedule,The President arrives at Joint Base Andrews,Joint Base Andrews,In-Town Pool,,,,
1/31/2026,20:54:00,Saturday,Pool Report Schedule,The President departs Joint Base Andrews for Palm Beach International Airport,Joint Base Andrews,Out-of-Town Travel Pool,,https://rollcall.com/factbase/trump/transcript/donald-trump-press-gaggle-air-force-one-january-31-2026/,,
1/31/2026,22:53:00,Saturday,Pool Report Schedule,The President arrives at Palm Beach International Airport,Palm Beach International Airport,Out-of-Town Travel Pool,,https://rollcall.com/factbase/trump/transcript/donald-trump-press-gaggle-air-force-one-january-31-2026/,,
1/31/2026,23:10:00,Saturday,Pool Report Schedule,The President departs Palm Beach International Airport for Mar-a-Lago,Palm Beach International Airport,Out-of-Town Travel Pool,,https://rollcall.com/factbase/trump/transcript/donald-trump-press-gaggle-air-force-one-january-31-2026/,,
1/31/2026,23:16:00,Saturday,Pool Report Schedule,The President arrives at Mar-a-Lago,Mar-a-Lago,Out-of-Town Travel Pool,,https://rollcall.com/factbase/trump/transcript/donald-trump-press-gaggle-air-force-one-january-31-2026/,,
1/31/2026,23:16:01,Saturday,Pool Report Schedule,White House Press Office: Full lid called,Mar-a-Lago,Out-of-Town Travel Pool,,,,
1/30/2026,11:00:00,Friday,President Schedule,The President signs Executive Orders,Oval Office,Closed Press,,https://rollcall.com/factbase/trump/transcript/donald-trump-remarks-executive-orders-january-30-2026/,,
1/30/2026,14:00:00,Friday,President Schedule,The President participates in a Policy Meeting,Oval Office,Out-of-Town Travel Pool,,,,
1/30/2026,18:00:00,Friday,Pool Report Schedule,White House Press Office: Full lid called,The White House,Pre-Credentialed Media,,,,
1/29/2026,10:00:00,Thursday,President Schedule,The President receives his Intelligence Briefing,Oval Office,Closed Press,,,,
1/29/2026,11:00:00,Thursday,President Schedule,The President participates in a Cabinet Meeting,Cabinet Room,White House Press Pool,,https://rollcall.com/factbase/trump/transcript/donald-trump-remarks-cabinet-meeting-january-29-2026/,,
1/29/2026,13:22:00,Thursday,Pool Report Schedule,White House Press Office: Lunch lid until 2:20 PM ,The White House,Pre-Credentialed Media,,,,
1/29/2026,16:30:00,Thursday,President Schedule,The President makes an Announcement,Oval Office,White House Press Pool,,https://rollcall.com/factbase/trump/transcript/donald-trump-remarks-drug-addiction-prevention-white-house-january-29-2026/,,
1/29/2026,18:52:00,Thursday,Pool Report Schedule,The President and the First Lady depart the White House for the Kennedy Center,The White House,Pre-Credentialed Media,,,,
1/29/2026,18:59:00,Thursday,Pool Report Schedule,The President and the First Lady arrive at the Kennedy Center,John F. Kennedy Center for the Performing Arts,Pre-Credentialed Media,,,,
1/29/2026,19:00:00,Thursday,President Schedule,The President and The First Lady attend a Screening of the Film Melania,John F. Kennedy Center for the Performing Arts,Pre-Credentialed Media,,https://rollcall.com/factbase/trump/transcript/donald-trump-press-gaggle-red-carpet-melania-premiere-january-29-2026/,,
1/29/2026,22:44:00,Thursday,Pool Report Schedule,The President departs the Kennedy Center for the White House,John F. Kennedy Center for the Performing Arts,Pre-Credentialed Media,,,,
1/29/2026,22:51:00,Thursday,Pool Report Schedule,The President arrives at the White House,The White House,Pre-Credentialed Media,,,,
1/29/2026,22:53:00,Thursday,Pool Report Schedule,White House Press Office: Full lid called,The White House,Pre-Credentialed Media,,,,
1/28/2026,10:50:00,Wednesday,Pool Report Schedule,The President departs the White House for the Andrew W. Mellon Auditorium,The White House,Pre-Credentialed Media,,,,
1/28/2026,10:54:00,Wednesday,Pool Report Schedule,The President arrives at the Andrew W. Mellon Auditorium,Andrew W. Mellon Auditorium,Pre-Credentialed Media,,,,
1/28/2026,11:00:00,Wednesday,President Schedule,The President delivers remarks on Trump Accounts,Andrew W. Mellon Auditorium,Pre-Credentialed Media,,https://rollcall.com/factbase/trump/transcript/donald-trump-remarks-trump-accounts-washington-january-28-2026/,,
1/28/2026,12:01:00,Wednesday,Pool Report Schedule,The President departs the Andrew W. Mellon Auditorium for the White House,Andrew W. Mellon Auditorium,Pre-Credentialed Media,,,,
1/28/2026,12:04:00,Wednesday,Pool Report Schedule,The President arrives at the White House,The White House,Pre-Credentialed Media,,,,
1/28/2026,12:30:00,Wednesday,Pool Report Schedule,White House Press Office: Lunch lid until 1:30 PM ,The White House,Pre-Credentialed Media,,,,
1/28/2026,15:00:00,Wednesday,President Schedule,The President participates in a greeting with Auto Workers,Oval Office,Closed Press,,,,
1/28/2026,17:00:00,Wednesday,President Schedule,The President participates in a Policy Meeting,Oval Office,Closed Press,,,,
1/28/2026,18:00:00,Wednesday,Pool Report Schedule,White House Press Office: Full lid called,The White House,In-Town Pool,,,,
1/27/2026,,Tuesday,President Schedule,"TBD: The President departs The White House en route Clive, Iowa ",The White House,Pre-Credentialed Media,,,Array,
1/27/2026,,Tuesday,President Schedule,TBD: The President arrives The White House ,The White House,Pre-Credentialed Media,,,,
1/27/2026,8:30:00,Tuesday,Pool Report Schedule,The President joins Sid Rosenberg on the 10th Anniversay Sid and Friends on WABC Radio,The White House,In-Town Pool,,https://rollcall.com/factbase/trump/transcript/donald-trump-interview-sid-rosenberg-wabc-radio-january-27-2026/,,
1/27/2026,12:16:00,Tuesday,Pool Report Schedule,The President departs The White House for Joint Base Andrews,South Lawn,In-Town Pool,,https://rollcall.com/factbase/trump/transcript/donald-trump-press-gaggle-before-marine-one-departure-january-27-2026/,,
1/27/2026,12:27:00,Tuesday,Pool Report Schedule,The President arrives at Joint Base Andrews,Joint Base Andrews,In-Town Pool,,,,
1/27/2026,12:39:00,Tuesday,Pool Report Schedule,The President departs Joint Base Andrews for Des Moines International Airport,Joint Base Andrews,In-Town Pool,,,,
1/27/2026,14:49:00,Tuesday,Pool Report Schedule,The President arrives at Des Moines International Airport [Local: 1:51 PM],Des Moines International Airport,In-Town Pool,,,,
1/27/2026,15:05:00,Tuesday,Pool Report Schedule,The President departs Des Moines International Airport for the Horizon Events Center [Local: 2:05 PM],Des Moines International Airport,In-Town Pool,,,,
1/27/2026,15:25:00,Tuesday,Pool Report Schedule,"The President makes an previously-unannounced stop at the Machine Shed Restaurant in Urbandale, IA [Local: 2:25 PM]","Machine Shed Restaurant, Urbandale, IA",In-Town Pool,,https://rollcall.com/factbase/trump/transcript/donald-trump-remarks-restaurant-stop-urbandale-iowa-january-27-2026/,,
1/27/2026,16:00:00,Tuesday,President Schedule,The President delivers Remarks [Local: 3:00 PM] [Note: Speech started 85 minutes late],"Horizon Events Center, Clive, IA",Pre-Credentialed Media,,https://rollcall.com/factbase/trump/transcript/donald-trump-speech-economy-energy-clive-iowa-january-27-2026/,,
1/27/2026,16:15:00,Tuesday,Pool Report Schedule,The President stands for an interview with Will Cain on Fox News' 'The Will Cain Show' in Iowa [Local: 3:15 PM],"Machine Shed Restaurant, Urbandale, IA",In-Town Pool,,https://rollcall.com/factbase/trump/transcript/donald-trump-interview-will-cain-fox-news-iowa-january-27-2026/,,
1/27/2026,17:01:00,Tuesday,Pool Report Schedule,The President departs the Machine Shed Restaurant for the Horizon Events Center [Local: 4:01 PM],"Machine Shed Restaurant, Urbandale, IA",In-Town Pool,,,,
1/27/2026,17:04:00,Tuesday,Pool Report Schedule,"The President arrives at the Horizon Events Center in Clive, IA for a political rally [Local: 4:04 PM]","Horizon Events Center, Clive, IA",In-Town Pool,,,,
1/27/2026,18:25:00,Tuesday,Pool Report Schedule,The President departs the Horizon Events Center for Des Moines International Airport [Local: 5:25 PM],"Horizon Events Center, Clive, IA",In-Town Pool,,,,
1/27/2026,18:50:00,Tuesday,Pool Report Schedule,The President arrives at Des Moines International Airport [Local: 5:50 PM],Des Moines International Airport,In-Town Pool,,,,
1/27/2026,19:03:00,Tuesday,Pool Report Schedule,The President departs Des Moines International Airport for Joint Base Andrews [Local: 6:03 PM],Des Moines International Airport,In-Town Pool,,,,
1/27/2026,20:39:00,Tuesday,Pool Report Schedule,The President arrives at Joint Base Andrews,Joint Base Andrews,In-Town Pool,,,,
1/27/2026,20:58:00,Tuesday,Pool Report Schedule,The President departs Joint Base Andrews for the White House,Joint Base Andrews,In-Town Pool,,,,
1/27/2026,21:10:00,Tuesday,Pool Report Schedule,The President arrives at the White House,South Lawn,In-Town Pool,,,,
1/27/2026,21:17:00,Tuesday,Pool Report Schedule,White House Press Office: Full lid called,South Lawn,In-Town Pool,,,,
1/27/2026,23:00:00,Tuesday,President Schedule,The President conducts a short phone interview with Rachel Scott of ABC News [Note: time is approximate],The White House,Closed Press,,,,
1/26/2026,11:52:00,Monday,Pool Report Schedule,White House Press Office: Lunch lid until 12:45 PM ,The White House,,,,,
1/26/2026,13:00:00,Monday,Briefing Schedule,Press Briefing by Press Secretary Karoline Leavitt,James S. Brady Press Briefing Room,On Camera,,https://rollcall.com/factbase/trump/transcript/donald-trump-press-conference-briefing-karoline-leavitt-january-26-2026/,,
1/26/2026,13:00:00,Monday,President Schedule,The President participates in a Meeting with the Secretary of the Air Force,Oval Office,Closed Press,,,,
1/26/2026,14:30:00,Monday,President Schedule,The President participates in a Policy Meeting,Oval Office,Closed Press,,,,
1/26/2026,15:00:00,Monday,President Schedule,The President participates in a Policy Meeting,Oval Office,Closed Press,,,,
1/26/2026,16:30:00,Monday,President Schedule,The President participates in a Radio Interview,Oval Office,Closed Press,,,,
1/26/2026,18:02:00,Monday,Pool Report Schedule,White House Press Office: Full lid called,The White House,,,,,
1/25/2026,,Sunday,President Schedule,The President has no public events scheduled,The White House,,,,Array,
1/25/2026,12:41:00,Sunday,Pool Report Schedule,White House Press Office: Full lid called,The White House,,,,,
1/25/2026,14:00:00,Sunday,Pool Report Schedule,The President conducts a five-minute phone interview with Josh Dawsey of The Wall Street Journal,The White House,,,https://rollcall.com/factbase/trump/transcript/donald-trump-interview-no-transcript-josh-dawsey-wall-street-journal-january-25-2025/,,
1/24/2026,17:10:00,Saturday,Pool Report Schedule,White House Press Office: Full lid called,The White House,,,,,
1/24/2026,20:00:00,Saturday,President Schedule,"The President and First Lady host a Screening of the film ""Melania""",The White House,In-Town Pool,,,,
1/23/2026,11:44:00,Friday,Pool Report Schedule,White House Press Office: Lunch lid until 12:30 PM ,The White House,,,,,
1/23/2026,13:30:00,Friday,President Schedule,"The President participates in a Print Interview [Note: Interview with Steven Nelson, Emily Goodin, Marisa Schultz, and Joel Pollak of the New York Post]",Oval Office,Closed Press,,https://rollcall.com/factbase/trump/transcript/donald-trump-interview-no-transcript-steven-nelson-et-al-new-york-post-january-23-2026/,,
1/23/2026,15:00:00,Friday,President Schedule,The President signs Congressional Bills,Oval Office,Closed Press,,,,
1/23/2026,16:30:00,Friday,President Schedule,The President participates in a meeting with the Commissioner of the U.S. Social Security Administration,Oval Office,Closed Press,,,,
1/23/2026,17:30:00,Friday,President Schedule,The President participates in policy time,Oval Office,Closed Press,,,,
1/23/2026,18:02:00,Friday,Pool Report Schedule,White House Press Office: Full lid called,The White House,,,,,
1/22/2026,,Thursday,President Schedule,"TBD: The President departs Davos, Switzerland, en route The White House","Davos Congress Centre, Switzerland",Out-of-Town Pool,,,Array,Array
1/22/2026,4:30:00,Thursday,President Schedule,The President participates in the Board of Peace Charter Announcement [10:30 AM Local],"Davos Congress Centre, Switzerland",Pre-Credentialed Media,,https://rollcall.com/factbase/trump/transcript/donald-trump-remarks-board-of-peace-charter-meeting-davos-january-22-2026/,Array,
1/22/2026,4:33:00,Thursday,Pool Report Schedule,The President departs his hotel for the Davos Congress Centre [Local: 10:33 AM],"AlpenGold Hotel, Davos, Switzerland",,,,Array,
1/22/2026,4:42:00,Thursday,Pool Report Schedule,The President arrives at the Davos Congress Center [Local: 10:42 AM],"Davos Congress Centre, Switzerland",,,,Array,
1/22/2026,6:30:00,Thursday,Pool Report Schedule,Maria Bartiromo of Fox Business records an interview with The President in Davos [Note: Time is approximate] [Local: 12:30 PM],"Davos Congress Centre, Switzerland",,,https://rollcall.com/factbase/trump/transcript/donald-trump-interview-maria-bartiromo-fox-business-davos-january-22-2026/,Array,
1/22/2026,6:55:00,Thursday,Pool Report Schedule,"The President holds a bilateral meeting with lham Aliyev, President of Azerbaijan [Local: 12:55 PM]","Davos Congress Centre, Switzerland",,,,Array,
1/22/2026,8:00:00,Thursday,Pool Report Schedule,"The President holds a bilateral meeting with Volodymyr Zelenskyy, President of Ukraine [Note: Time is approximate] [Local: 2:00 PM]","Davos Congress Centre, Switzerland",,,,Array,
1/22/2026,9:20:00,Thursday,Pool Report Schedule,The President holds a brief press gaggle prior to departing the Davos Congress Center [Local: 3:20 PM],"Davos Congress Centre, Switzerland",,,https://rollcall.com/factbase/trump/transcript/donald-trump-press-gaggle-after-bilat-zelenskyy-ukraine-davos-january-22-2026/,Array,
1/22/2026,9:25:00,Thursday,Pool Report Schedule,The President departs the Davos Congress Centre for Zurich Airport by car due to weather [Local: 3:25 PM],"Davos Congress Centre, Switzerland",,,,Array,
1/22/2026,11:16:00,Thursday,Pool Report Schedule,The President arrives at Zurich Airport [Local: 5:16 PM],Zurich Airport,,,,Array,
1/22/2026,11:37:00,Thursday,Pool Report Schedule,The President departs Zurich Airport for Joint Base Andrews [Local: 5:37 PM],Zurich Airport,,,https://rollcall.com/factbase/trump/transcript/donald-trump-press-gaggle-air-force-one-january-22-2026/,Array,
1/22/2026,13:24:00,Thursday,Pool Report Schedule,"The President arrives at Shannon, Ireland for a technical refueling stop [6:23 PM Local]","Shannon Airport, Ireland",,,,Array,
1/22/2026,14:38:00,Thursday,Pool Report Schedule,"The President departs a technical refueling stop in Shannon, Ireland for Joint Base Andrews [7:38 PM Local]","Shannon Airport, Ireland",,,,Array,
1/22/2026,21:30:00,Thursday,Pool Report Schedule,The President arrives at Joint Base Andrews,Joint Base Andrews,,,https://rollcall.com/factbase/trump/transcript/donald-trump-remarks-after-air-force-one-arrival-january-22-2026/,,
1/22/2026,21:47:00,Thursday,Pool Report Schedule,The President departs Joint Base Andrews for the White House,Joint Base Andrews,,,,,
1/22/2026,21:57:00,Thursday,Pool Report Schedule,The President arrives at the White House,South Lawn,,,,,
1/22/2026,22:04:00,Thursday,Pool Report Schedule,White House Press Office: Full lid called,The White House,,,,,
1/21/2026,0:05:00,Wednesday,Pool Report Schedule,The President departs on a different plane from Joint Base Andrews to Zurich Airport,Joint Base Andrews,,,,Array,
1/21/2026,6:35:00,Wednesday,Pool Report Schedule,The President arrives at Zurich Airport [12:35 PM Local],Zurich Airport,,,,Array,
1/21/2026,7:19:00,Wednesday,Pool Report Schedule,The President departs Zurich Airport for Davos [1:17 PM Local],Zurich Airport,,,,Array,
1/21/2026,7:57:00,Wednesday,Pool Report Schedule,"The President arrives in Davos, Switzerland [1:57 PM Local]","Davos Stilli Heliport, Switzerland",,,,Array,
1/21/2026,8:10:00,Wednesday,President Schedule,The President participates in a Greeting with World Economic Forum Leadership [2:10 PM Local],"Davos Congress Centre, Switzerland",Closed Press,,,Array,
1/21/2026,8:20:00,Wednesday,Pool Report Schedule,The President arrives at the Davos Congress Center [2:20 PM Local],"Davos Stilli Heliport, Switzerland",,,,Array,
1/21/2026,8:30:00,Wednesday,President Schedule,The President delivers a Special Address to the World Economic Forum [2:30 PM Local],"Davos Congress Centre, Switzerland",Out-of-Town Travel Pool,,https://rollcall.com/factbase/trump/transcript/donald-trump-speech-world-economic-forum-davos-january-21-2026/,Array,
1/21/2026,9:45:00,Wednesday,President Schedule,"The President participates in Meetings with Foreign Leaders - Poland, Belgium and Egpyt per pool reports [3:45 PM Local]","Davos Congress Centre, Switzerland",Closed Press,,,Array,
1/21/2026,10:29:00,Wednesday,Pool Report Schedule,"The President holds a bilateral meeting with Guy Parmelin, President of Switzerland [4:29 PM Local]","Davos Congress Centre, Switzerland",Closed Press,,https://rollcall.com/factbase/trump/transcript/donald-trump-remarks-bilat-guy-parmelin-switzerland-davos-january-21-2026/,Array,
1/21/2026,11:25:00,Wednesday,President Schedule,The President participates in a Reception with Business Leaders [5:25 PM Local],"Davos Congress Centre, Switzerland",Out-of-Town Travel Pool,,https://rollcall.com/factbase/trump/transcript/donald-trump-remarks-reception-business-leaders-davos-january-21-2026/,Array,
1/21/2026,11:34:00,Wednesday,Pool Report Schedule,"The President holds a bilateral meeting with Abdel Fattah el-Sisi, President of Egypt [5:34 PM Local]","Davos Congress Centre, Switzerland",Closed Press,,https://rollcall.com/factbase/trump/transcript/donald-trump-remarks-bilat-el-sisi-egypt-davos-january-21-2026/,Array,
1/21/2026,13:21:00,Wednesday,Pool Report Schedule,"The President holds a bilateral meeting with Mark Rutte, Secretary General of NATO [7:21 PM Local]","Davos Congress Centre, Switzerland",Closed Press,,https://rollcall.com/factbase/trump/transcript/donald-trump-remarks-bilat-rutte-nato-davos-january-21-2026/,Array,
1/21/2026,14:50:00,Wednesday,Pool Report Schedule,The President sits for an interview with Joe Kernan on CNBC [8:50 PM Local] [Note time is approximate],"Davos Congress Centre, Switzerland",Out-of-Town Travel Pool,,https://rollcall.com/factbase/trump/transcript/donald-trump-interview-joe-kernen-cnbc-the-exchange-january-21-2026/,Array,
1/21/2026,15:14:00,Wednesday,Pool Report Schedule,The President departs the Davos Congress Centre for his hotel [9:14 PM Local],"Davos Congress Centre, Switzerland",Closed Press,,https://rollcall.com/factbase/trump/transcript/donald-trump-press-gaggle-davos-congress-center-departure-january-21-2026/,Array,
1/21/2026,15:26:00,Wednesday,Pool Report Schedule,The President arrives at his hotel for the evening [9:26 PM Local],"AlpenGold Hotel, Davos, Switzerland",Closed Press,,,Array,
1/21/2026,15:31:00,Wednesday,Pool Report Schedule,"White House Press Office: Full lid called for January 20, 2026 and January 21, 2026","AlpenGold Hotel, Davos, Switzerland",Closed Press,,,Array,
1/20/2026,,Tuesday,President Schedule,"TBD: The President departs The White House en route Davos, Switzerland",Joint Base Andrews,Out-of-Town Pool,,,Array,
1/20/2026,1:38:00,Tuesday,Pool Report Schedule,The President arrives at Joint Base Andrews,Joint Base Andrews,,,,,
1/20/2026,2:01:00,Tuesday,Pool Report Schedule,The President departs Joint Base Andrews for the White House,Joint Base Andrews,,,,,
1/20/2026,2:10:00,Tuesday,Pool Report Schedule,The President arrives at the White House,South Lawn,,,,,
1/20/2026,2:17:00,Tuesday,Pool Report Schedule,"White House Press Office: Full lid called for January 19, 2026",The White House,,,,,
1/20/2026,11:38:00,Tuesday,Pool Report Schedule,White House Press Office: Lunch lid until 12:30 PM,The White House,In-Town Pool,,,,
1/20/2026,13:00:00,Tuesday,Briefing Schedule,Press Briefing by Press Secretary Karoline Leavitt [Note: The President is leading the briefing],James S. Brady Press Briefing Room,Out-of-Town Travel Pool,,https://rollcall.com/factbase/trump/transcript/donald-trump-press-conference-briefing-room-january-20-2026/,,
1/20/2026,15:00:00,Tuesday,President Schedule,The President participates in Signing Time [Note: previous meeting did not end until 3:33 PM],Oval Office,Closed Press,,,,
1/20/2026,17:36:00,Tuesday,Pool Report Schedule,White House Press Office: Dinner lid until 8:00 PM,The White House,In-Town Pool,,,,
1/20/2026,21:19:00,Tuesday,Pool Report Schedule,The President departs the White House for Joint Base Andrews,South Lawn,In-Town Pool,,,,
1/20/2026,21:29:00,Tuesday,Pool Report Schedule,The President arrives at Joint Base Andrews,Joint Base Andrews,,,,,
1/20/2026,21:46:00,Tuesday,Pool Report Schedule,The President departs Joint Base Andrews for Zurich Airport,Joint Base Andrews,,,,,
1/20/2026,22:14:00,Tuesday,Pool Report Schedule,"Air Force One turns around south of Long Island, New York, to return to Joint Base Andrews due to a ""minor"" electrical issue",Joint Base Andrews,,,,,
1/20/2026,23:07:00,Tuesday,Pool Report Schedule,The President arrives at Joint Base Andrews to change planes,Joint Base Andrews,,,,,
1/19/2026,,Monday,President Schedule,"TBD: The President departs Palm Beach, FL en route Miami, FL",Mar-a-Lago,Out-of-Town Travel Pool,,,Array,
1/19/2026,,Monday,President Schedule,"TBD: The President departs Miami, FL en route The White House ",Mar-a-Lago,Out-of-Town Travel Pool,,,,
1/19/2026,18:15:00,Monday,Pool Report Schedule,The President departs Mar-a-Lago for Palm Beach International Airport,Mar-a-Lago,,,,,
1/19/2026,18:25:00,Monday,Pool Report Schedule,The President arrives at Palm Beach International Airport,Palm Beach International Airport,,,,,
1/19/2026,18:30:00,Monday,Pool Report Schedule,The President departs Palm Beach International Airport for North Perry Airport,Palm Beach International Airport,,,,,
1/19/2026,19:03:00,Monday,Pool Report Schedule,The President arrives at North Perry Airport,"North Perry Airport, Pembroke Pines, FL",,,,,
1/19/2026,19:08:00,Monday,Pool Report Schedule,The President departs North Perry Airport for Hard Rock Stadium,"North Perry Airport, Pembroke Pines, FL",,,,,
1/19/2026,19:18:00,Monday,Pool Report Schedule,The President arrives at Hard Rock Stadium to attend the College Football National Championship Game,"Hard Rock Stadium, Miami Gardens, FL",,,,,
1/19/2026,19:50:00,Monday,President Schedule,The President attends the College Football National Championship Game,"Hard Rock Stadium, Miami Gardens, FL",,,,,
1/19/2026,22:47:00,Monday,Pool Report Schedule,The President departs Hard Rock Stadium for North Perry Airport,"Hard Rock Stadium, Miami Gardens, FL",,,,,
1/19/2026,22:54:00,Monday,Pool Report Schedule,The President arrives at North Perry Airport,"North Perry Airport, Pembroke Pines, FL",,,,,
1/19/2026,23:02:00,Monday,Pool Report Schedule,The President departs North Perry Airport for Palm Beach International Airport,"North Perry Airport, Pembroke Pines, FL",,,,,
1/19/2026,23:35:00,Monday,Pool Report Schedule,The President arrives at Palm Beach International Airport [Note: Estimated time],Palm Beach International Airport,,,https://rollcall.com/factbase/trump/transcript/donald-trump-press-gaggle-before-air-force-one-departure-january-19-2026/,,
1/19/2026,23:59:00,Monday,Pool Report Schedule,The President departs Palm Beach International Airport for Joint Base Andrews,Palm Beach International Airport,,,,,
1/18/2026,,Sunday,President Schedule,The President has no public events scheduled,Mar-a-Lago,Out-of-Town Travel Pool,,,Array,
1/18/2026,9:01:00,Sunday,Pool Report Schedule,The President departs Mar-a-Lago for his golf club,Mar-a-Lago,,,,,
1/18/2026,9:08:00,Sunday,Pool Report Schedule,The President arrives at Trump International Golf Club West Palm Beach,Trump International Golf Club West Palm Beach,,,,Array,
1/18/2026,14:38:00,Sunday,Pool Report Schedule,The President departs Trump International Golf Club West Palm Beach,Trump International Golf Club West Palm Beach,,,,Array,
1/18/2026,14:46:00,Sunday,Pool Report Schedule,The President makes a stop at Baer's Furniture in West Palm Beach,"Baer's Furniture, West Palm Beach, FL",,,,,
1/18/2026,14:55:00,Sunday,Pool Report Schedule,The President departs Baer's Furniture for Mar-a-Lago,"Baer's Furniture, West Palm Beach, FL",,,,,
1/18/2026,15:05:00,Sunday,Pool Report Schedule,The President arrives at Mar-a-Lago,Mar-a-Lago,,,,,
1/18/2026,15:15:00,Sunday,Pool Report Schedule,White House Press Office: Lunch lid until 5:40 PM,Mar-a-Lago,,,,,
1/18/2026,15:45:00,Sunday,Pool Report Schedule,White House Press Office: Full lid called,Mar-a-Lago,,,,,
1/18/2026,16:15:00,Sunday,Pool Report Schedule,"Donald Trump replies to a text message from Jonas Gahr Stre, Prime Minister of Norway",Mar-a-Lago,,,https://rollcall.com/factbase/trump/transcript/donald-trump-remarks-text-exchange-norway-greenland-january-18-2026/,,
1/17/2026,9:16:00,Saturday,Pool Report Schedule,The President departs Mar-a-Lago for his golf club,Mar-a-Lago,,,,,
1/17/2026,9:25:00,Saturday,Pool Report Schedule,The President arrives at Trump International Golf Club West Palm Beach,Trump International Golf Club West Palm Beach,,,,Array,
1/17/2026,15:04:00,Saturday,Pool Report Schedule,The President departs Trump International Golf Club West Palm Beach for Mar-a-Lago,Trump International Golf Club West Palm Beach,,,,Array,
1/17/2026,15:12:00,Saturday,Pool Report Schedule,The President arrives at Mar-a-Lago,Mar-a-Lago,,,,,
1/17/2026,15:30:00,Saturday,President Schedule,The President participates in a meeting with the Prime Minister of the Slovak Republic,Mar-a-Lago,Out-of-Town Travel Pool,,,,
1/17/2026,17:14:00,Saturday,Pool Report Schedule,White House Press Office: Full lid called,Mar-a-Lago,,,,,
1/16/2026,,Friday,President Schedule,"TBD: The President departs The White House en route Palm Beach, FL",The White House,Out-of-Town Travel Pool,,,Array,
1/16/2026,10:00:00,Friday,President Schedule,"The President participates in The Great, Historic Investment in Rural Health Roundtable [Actual: 10:17 AM]",East Room,Pre-Credentialed Media,,https://rollcall.com/factbase/trump/transcript/donald-trump-remarks-rural-health-roundtable-january-31-2026/,,
1/16/2026,12:51:00,Friday,Pool Report Schedule,The President departs the White House for Joint Base Andrews,The White House,In-Town Pool,,https://rollcall.com/factbase/trump/transcript/donald-trump-press-gaggle-before-marine-one-departure-january-16-2026/,,
1/16/2026,12:58:00,Friday,Pool Report Schedule,The President arrives at Joint Base Andrews,Joint Base Andrews,In-Town Pool,,,,
1/16/2026,13:15:00,Friday,Pool Report Schedule,The President departs Joint Base Andrews for Palm Beach International Airport,Joint Base Andrews,In-Town Pool,,,,
1/16/2026,15:08:00,Friday,Pool Report Schedule,The President arrives at Palm Beach International Airport,Palm Beach International Airport,In-Town Pool,,,,
1/16/2026,15:15:00,Friday,President Schedule,The President participates in the Southern Boulevard Dedication Ceremony [Actual: 3:36 PM],"Palm Beach, FL",Out-of-Town Travel Pool,,https://rollcall.com/factbase/trump/transcript/donald-trump-remarks-southern-boulevard-dedication-ceremony-january-16-2026/,,
1/16/2026,15:21:00,Friday,Pool Report Schedule,The President departs Palm Beach International Airport for Mar-a-Lago,Palm Beach International Airport,In-Town Pool,,,,
1/16/2026,15:31:00,Friday,Pool Report Schedule,The President arrives at Mar-a-Lago,Mar-a-Lago,In-Town Pool,,,,
1/16/2026,16:39:00,Friday,Pool Report Schedule,White House Press Office: Full lid called,Mar-a-Lago,,,,,
1/15/2026,10:45:00,Thursday,Pool Report Schedule,Kristi Noem briefs reporters at The Sticks,The Sticks - The White House,,,https://rollcall.com/factbase/trump/transcript/donald-trump-press-briefing-kristi-noem-the-white-house-january-15-2026/,,
1/15/2026,11:00:00,Thursday,President Schedule,The President receives his Intelligence Briefing,Oval Office,Closed Press,,,,
1/15/2026,11:07:00,Thursday,Pool Report Schedule,White House Press Office: Lunch lid until 12:00 PM ,The White House,,,,,
1/15/2026,12:30:00,Thursday,President Schedule,The President participates in a lunch meeting with Mara Corina Machado,Private Dining Room,Closed Press,,,,
1/15/2026,13:00:00,Thursday,Briefing Schedule,Press Briefing by Press Secretary Karoline Leavitt,James S. Brady Press Briefing Room,On Camera,,https://rollcall.com/factbase/trump/transcript/donald-trump-press-conference-briefing-karoline-leavitt-january-15-2026/,,
1/15/2026,16:00:00,Thursday,President Schedule,The President participates in a Visit of the 2025 Stanley Cup Champions The Florida Panthers,East Room,Pre-Credentialed Media,,https://rollcall.com/factbase/trump/transcript/donald-trump-remarks-stanley-cup-florida-panthers-january-15-2026/,,
1/15/2026,18:00:00,Thursday,Pool Report Schedule,White House Press Office: Full lid called,The White House,,,,,
1/14/2026,11:46:00,Wednesday,Pool Report Schedule,White House Press Office: Lunch lid until 12:45 PM ,The White House,,,,,
1/14/2026,14:00:00,Wednesday,President Schedule,The President participates in a Signing Ceremony,Oval Office,White House Press Pool,,https://rollcall.com/factbase/trump/transcript/donald-trump-remarks-milk-bill-signing-january-14-2026/,,
1/14/2026,16:35:00,Wednesday,Pool Report Schedule,Steve Holland of Reuters interviews Donald Trump,Oval Office,,,https://rollcall.com/factbase/trump/transcript/donald-trump-interview-no-transcript-steve-holland-reuters-january-14-2026/,,
1/14/2026,18:08:00,Wednesday,Pool Report Schedule,White House Press Office: Full lid called,The White House,,,,,
1/13/2026,10:19:00,Tuesday,Pool Report Schedule,The President departs The White House for Joint Base Andrews,South Lawn,,,https://rollcall.com/factbase/trump/transcript/donald-trump-press-gaggle-before-marine-one-departure-january-13-2026/,,
1/13/2026,10:30:00,Tuesday,Pool Report Schedule,The President arrives at Joint Base Andrews,Joint Base Andrews,,,,,
1/13/2026,10:44:00,Tuesday,Pool Report Schedule,The President departs Joint Base Andrews for Detroit Metro Airport,Joint Base Andrews,,,,,
1/13/2026,11:45:00,Tuesday,Pool Report Schedule,The President arrives at Detroit Metro Airport,Detroit Metropolitan Wayne County Airport,,,,,
1/13/2026,12:04:00,Tuesday,Pool Report Schedule,The President departs Detroit Metro Airport for the Ford Rouge Complex,Detroit Metropolitan Wayne County Airport,,,,,
1/13/2026,12:25:00,Tuesday,Pool Report Schedule,The President arrives the Ford Rouge Complex in Dearborn,"Ford Rouge Complex, Dearborn, MI",,,,,
1/13/2026,12:30:00,Tuesday,President Schedule,The President participates in a site visit and plant tour,"Ford Rouge Complex, Dearborn, MI",Out-of-Town Travel Pool,,https://rollcall.com/factbase/trump/transcript/donald-trump-remarks-tour-ford-plant-dearborn-michigan-january-13-2026/,,
1/13/2026,13:20:00,Tuesday,Pool Report Schedule,"Tony Dokoupil of CBS News Interviews Donald Trump in Dearborn, Michigan","Ford Rouge Complex, Dearborn, MI",,,https://rollcall.com/factbase/trump/transcript/donald-trump-interview-tony-dokoupil-cbs-news-dearborn-january-13-2026/,,
1/13/2026,13:30:00,Tuesday,Pool Report Schedule,The President departs the Ford Rouge Complex in Dearborn for the Detroit Economic Club event,"Ford Rouge Complex, Dearborn, MI",,,,,
1/13/2026,13:45:00,Tuesday,Pool Report Schedule,The President arrives at the Sound Board Theater for the Detroit Economic Club event,"Sound Board Theater, Detroit",,,,,
1/13/2026,14:00:00,Tuesday,President Schedule,The President delivers remarks to the Detroit Economic Club [Actual: 1:56 PM],"Sound Board Theater, Detroit",Pre-Credentialed Media,,https://rollcall.com/factbase/trump/transcript/donald-trump-speech-detroit-economic-club-january-13-2026/,,
1/13/2026,15:04:00,Tuesday,Pool Report Schedule,The President departs the Sound Board Theater for Detroit Metro Airport,"Sound Board Theater, Detroit",Pre-Credentialed Media,,,,
1/13/2026,15:30:00,Tuesday,Pool Report Schedule,The President arrives at Detroit Metro Airport,Detroit Metropolitan Wayne County Airport,Pre-Credentialed Media,,,,
1/13/2026,15:35:00,Tuesday,Pool Report Schedule,The President departs Detroit Metro Airport for Joint Base Andrews,Detroit Metropolitan Wayne County Airport,Pre-Credentialed Media,,,,
1/13/2026,16:34:00,Tuesday,Pool Report Schedule,The President arrives at Joint Base Andrews,Joint Base Andrews,Pre-Credentialed Media,,https://rollcall.com/factbase/trump/transcript/donald-trump-press-gaggle-after-air-force-one-arrival-january-13-2026/,,
1/13/2026,17:01:00,Tuesday,Pool Report Schedule,The President departs Joint Base Andrews for the White House,Joint Base Andrews,Pre-Credentialed Media,,,,
1/13/2026,17:15:00,Tuesday,Pool Report Schedule,The President arrives at the White House,South Lawn,Pre-Credentialed Media,,,,
1/13/2026,19:01:00,Tuesday,Pool Report Schedule,White House Press Office: Full lid called,The White House,,,,,
1/12/2026,10:30:00,Monday,President Schedule,The President meets with the Secretary of State,Oval Office,Closed Press,,,,
1/12/2026,11:42:00,Monday,Pool Report Schedule,White House Press Office: Lunch lid until 12:45 PM ,The White House,,,,,
1/12/2026,13:15:00,Monday,Pool Report Schedule,Karoline Leavitt briefs reporters at The Sticks,The Sticks - The White House,,,https://rollcall.com/factbase/trump/transcript/donald-trump-press-briefing-karoline-leavitt-the-white-house-january-12-2026/,,
1/12/2026,13:30:00,Monday,President Schedule,The President meets with Archbishop Coakley,Oval Office,Closed Press,,,,
1/12/2026,15:30:00,Monday,President Schedule,The President participates in Signing Time,Oval Office,Closed Press,,,,
1/12/2026,16:00:00,Monday,President Schedule,The President meets with the CEO of Tunnel to Towers Foundation,Oval Office,Closed Press,,,,
1/12/2026,18:10:00,Monday,Pool Report Schedule,White House Press Office: Full lid called,The White House,,,,,
1/11/2026,,Sunday,President Schedule,"TBD: The President returns to Washington, D.C. ",Mar-a-Lago,Out-of-Town Travel Pool,,,Array,
1/11/2026,9:11:00,Sunday,Pool Report Schedule,The President departs Mar-a-Lago for his golf club,Mar-a-Lago,,,,,
1/11/2026,9:18:00,Sunday,Pool Report Schedule,The President arrives at Trump International Golf Club West Palm Beach,Trump International Golf Club West Palm Beach,,,,Array,
1/11/2026,15:02:00,Sunday,Pool Report Schedule,The President departs Trump International Golf Club West Palm Beach for Mar-a-Lago,Trump International Golf Club West Palm Beach,,,,Array,
1/11/2026,15:08:00,Sunday,Pool Report Schedule,The President arrives at Mar-a-Lago,Mar-a-Lago,,,,,
1/11/2026,16:21:00,Sunday,Pool Report Schedule,The President departs Mar-a-Lago for Palm Beach International Airport,Mar-a-Lago,,,,,
1/11/2026,18:30:00,Sunday,Pool Report Schedule,The President arrives at Palm Beach International Airport,Palm Beach International Airport,,,,,
1/11/2026,18:48:00,Sunday,Pool Report Schedule,The President departs Palm Beach International Airport for Joint Base Andrews,Palm Beach International Airport,,,https://rollcall.com/factbase/trump/transcript/donald-trump-press-gaggle-air-force-one-january-11-2026/,,
1/11/2026,20:36:00,Sunday,Pool Report Schedule,The President arrives at Joint Base Andrews,Joint Base Andrews,,,,,
1/11/2026,20:59:00,Sunday,Pool Report Schedule,The President departs Joint Base Andrews for the White House,Joint Base Andrews,,,,,
1/11/2026,21:12:00,Sunday,Pool Report Schedule,The President arrives at the White House,South Lawn,,,,,
1/11/2026,21:19:00,Sunday,Pool Report Schedule,White House Press Office: Full lid called,The White House,,,,,
1/10/2026,,Saturday,President Schedule,The President has no public events scheduled,Mar-a-Lago,Out-of-Town Travel Pool,,,Array,
1/10/2026,7:54:00,Saturday,Pool Report Schedule,The President departs Mar-a-Lago for a dentist appointment,Mar-a-Lago,,,,,
1/10/2026,8:12:00,Saturday,Pool Report Schedule,The President arrives at the dentist,"West Palm Beach, FL",,,,,
1/10/2026,10:03:00,Saturday,Pool Report Schedule,The President departs the dentist for Mar-a-Lago,"West Palm Beach, FL",,,,,
1/10/2026,10:21:00,Saturday,Pool Report Schedule,The President arrives at Mar-a-Lago,Mar-a-Lago,,,,,
1/10/2026,11:36:00,Saturday,Pool Report Schedule,White House Press Office: Full lid called,Mar-a-Lago,,,,,
